
-- Database Backup --
-- Ver. : 1.0.1
-- Host : Server Host
-- Generating Time : Oct 25, 2023 at 12:33:14:PM


CREATE TABLE `bayar` (
  `id_bayar` int(10) NOT NULL AUTO_INCREMENT,
  `id_siswa` int(10) NOT NULL,
  `id_bayar_metode` int(10) NOT NULL,
  `keterangan` text NOT NULL,
  `bukti` varchar(200) NOT NULL,
  `status_verifikasi` varchar(100) NOT NULL,
  `nominal_bayar` int(17) NOT NULL,
  `tanggal_bayar` date NOT NULL,
  `dibuat_pada` datetime NOT NULL DEFAULT CURRENT_TIMESTAMP,
  `diubah_pada` datetime NOT NULL DEFAULT CURRENT_TIMESTAMP,
  `dihapus_pada` datetime DEFAULT NULL,
  PRIMARY KEY (`id_bayar`)
) ENGINE=InnoDB AUTO_INCREMENT=21 DEFAULT CHARSET=latin1;

INSERT INTO bayar VALUES
("1","15","1","via bca","2023_10_12_06_27_02_bolos (1).jpg","sudah verifikasi","446000","2023-10-12","2023-10-12 11:27:02","2023-10-12 11:27:02",""),
("2","15","1","via bca","2023_10_12_06_35_53_bolos (1).jpg","sudah verifikasi","2000000","2023-10-12","2023-10-12 11:35:53","2023-10-12 11:35:53",""),
("3","15","1","via bank BTN","2023_10_17_05_46_00_``bolos (1).jpg","sudah verifikasi","500000","2023-10-17","2023-10-17 10:46:00","2023-10-17 10:46:00",""),
("4","12","1","via btn","2023_10_19_06_27_57_``bolos (1).jpg","sudah verifikasi","1000000","2023-10-19","2023-10-19 11:27:57","2023-10-19 11:27:57",""),
("5","12","1","via btn","2023_10_19_06_29_02_``bolos (1).jpg","sudah verifikasi","1000000","2023-10-20","2023-10-19 11:29:02","2023-10-19 11:29:02",""),
("6","13","1","via btn","2023_10_19_06_30_01_``bolos (1).jpg","sudah verifikasi","446000","2023-10-19","2023-10-19 11:30:01","2023-10-19 11:30:01",""),
("7","13","1","via btn","2023_10_19_06_30_54_``bolos (1).jpg","sudah verifikasi","1000000","2023-10-19","2023-10-19 11:30:54","2023-10-19 11:30:54",""),
("8","14","1","via btn","2023_10_19_06_32_04_``bolos (1).jpg","sudah verifikasi","1500000","2023-10-21","2023-10-19 11:32:04","2023-10-19 11:32:04",""),
("9","14","1","via bank btn","2023_10_19_06_33_11_``bolos (1).jpg","sudah verifikasi","446000","2023-10-21","2023-10-19 11:33:11","2023-10-19 11:33:11",""),
("10","27","1","via btn","2023_10_19_06_33_49_``bolos (1).jpg","sudah verifikasi","2000000","2023-10-24","2023-10-19 11:33:49","2023-10-19 11:33:49",""),
("11","27","1","via btn","2023_10_19_06_35_10_``bolos (1).jpg","sudah verifikasi","500000","2023-09-10","2023-10-19 11:35:10","2023-10-19 11:35:10",""),
("12","16","1","btn","2023_10_19_06_35_59_``bolos (1).jpg","sudah verifikasi","2000000","2023-09-30","2023-10-19 11:35:59","2023-10-19 11:35:59",""),
("13","16","1","via btn","2023_10_19_06_36_51_``bolos (1).jpg","sudah verifikasi","200000","2023-09-25","2023-10-19 11:36:51","2023-10-19 11:36:51",""),
("14","23","1","btn","2023_10_19_06_37_56_``bolos (1).jpg","sudah verifikasi","1500000","2023-09-23","2023-10-19 11:37:56","2023-10-19 11:37:56",""),
("15","23","1","btn","2023_10_19_06_38_43_``bolos (1).jpg","sudah verifikasi","446000","2023-09-25","2023-10-19 11:38:43","2023-10-19 11:38:43",""),
("16","17","1","btn","2023_10_19_06_39_31_``bolos (1).jpg","sudah verifikasi","1000000","2023-09-16","2023-10-19 11:39:31","2023-10-19 11:39:31",""),
("17","18","1","btn","2023_10_19_06_40_41_``bolos (1).jpg","sudah verifikasi","466000","2023-10-28","2023-10-19 11:40:41","2023-10-19 11:40:41",""),
("18","29","1","btn","2023_10_19_06_41_56_``bolos (1).jpg","sudah verifikasi","1000000","2023-09-29","2023-10-19 11:41:56","2023-10-19 11:41:56",""),
("19","19","1","btnn","2023_10_19_06_42_33_``bolos (1).jpg","sudah verifikasi","1500000","2023-09-22","2023-10-19 11:42:33","2023-10-19 11:42:33",""),
("20","26","1","btn","2023_10_19_06_43_11_``bolos (1).jpg","sudah verifikasi","1500000","2023-09-02","2023-10-19 11:43:11","2023-10-19 11:43:11","");

CREATE TABLE `bayar_alokasi` (
  `id_bayar_alokasi` int(11) NOT NULL AUTO_INCREMENT,
  `id_bayar` int(10) NOT NULL,
  `id_tagihan` int(10) NOT NULL,
  `total_alokasi` int(17) NOT NULL,
  `dialokasikan_oleh` varchar(100) NOT NULL,
  `dibuat_pada` datetime NOT NULL,
  `diubah_pada` datetime NOT NULL,
  `dihapus_pada` datetime DEFAULT NULL,
  PRIMARY KEY (`id_bayar_alokasi`)
) ENGINE=InnoDB AUTO_INCREMENT=52 DEFAULT CHARSET=latin1;

INSERT INTO bayar_alokasi VALUES
("1","1","40","446000","otomatis oleh sistem","0000-00-00 00:00:00","0000-00-00 00:00:00",""),
("2","2","41","446000","otomatis oleh sistem","0000-00-00 00:00:00","0000-00-00 00:00:00",""),
("3","2","42","446000","otomatis oleh sistem","0000-00-00 00:00:00","0000-00-00 00:00:00",""),
("4","2","43","1108000","otomatis oleh sistem","0000-00-00 00:00:00","0000-00-00 00:00:00",""),
("5","3","43","500000","otomatis oleh sistem","0000-00-00 00:00:00","0000-00-00 00:00:00",""),
("6","4","1","445999","otomatis oleh sistem","0000-00-00 00:00:00","0000-00-00 00:00:00",""),
("7","4","2","446000","otomatis oleh sistem","0000-00-00 00:00:00","0000-00-00 00:00:00",""),
("8","4","3","108001","otomatis oleh sistem","0000-00-00 00:00:00","0000-00-00 00:00:00",""),
("9","5","3","337999","otomatis oleh sistem","0000-00-00 00:00:00","0000-00-00 00:00:00",""),
("10","5","4","662001","otomatis oleh sistem","0000-00-00 00:00:00","0000-00-00 00:00:00",""),
("11","6","14","445999","otomatis oleh sistem","0000-00-00 00:00:00","0000-00-00 00:00:00",""),
("12","6","15","1","otomatis oleh sistem","0000-00-00 00:00:00","0000-00-00 00:00:00",""),
("13","7","15","445999","otomatis oleh sistem","0000-00-00 00:00:00","0000-00-00 00:00:00",""),
("14","7","16","446000","otomatis oleh sistem","0000-00-00 00:00:00","0000-00-00 00:00:00",""),
("15","7","17","108001","otomatis oleh sistem","0000-00-00 00:00:00","0000-00-00 00:00:00",""),
("16","8","27","445999","otomatis oleh sistem","0000-00-00 00:00:00","0000-00-00 00:00:00",""),
("17","8","28","446000","otomatis oleh sistem","0000-00-00 00:00:00","0000-00-00 00:00:00",""),
("18","8","29","446000","otomatis oleh sistem","0000-00-00 00:00:00","0000-00-00 00:00:00",""),
("19","8","30","162001","otomatis oleh sistem","0000-00-00 00:00:00","0000-00-00 00:00:00",""),
("20","9","30","446000","otomatis oleh sistem","0000-00-00 00:00:00","0000-00-00 00:00:00",""),
("21","10","196","445999","otomatis oleh sistem","0000-00-00 00:00:00","0000-00-00 00:00:00",""),
("22","10","197","446000","otomatis oleh sistem","0000-00-00 00:00:00","0000-00-00 00:00:00",""),
("23","10","198","446000","otomatis oleh sistem","0000-00-00 00:00:00","0000-00-00 00:00:00",""),
("24","10","199","662001","otomatis oleh sistem","0000-00-00 00:00:00","0000-00-00 00:00:00",""),
("25","11","199","500000","otomatis oleh sistem","0000-00-00 00:00:00","0000-00-00 00:00:00",""),
("26","12","53","445999","otomatis oleh sistem","0000-00-00 00:00:00","0000-00-00 00:00:00",""),
("27","12","54","446000","otomatis oleh sistem","0000-00-00 00:00:00","0000-00-00 00:00:00",""),
("28","12","55","446000","otomatis oleh sistem","0000-00-00 00:00:00","0000-00-00 00:00:00",""),
("29","12","56","662001","otomatis oleh sistem","0000-00-00 00:00:00","0000-00-00 00:00:00",""),
("30","13","56","200000","otomatis oleh sistem","0000-00-00 00:00:00","0000-00-00 00:00:00",""),
("31","14","144","445999","otomatis oleh sistem","0000-00-00 00:00:00","0000-00-00 00:00:00",""),
("32","14","145","446000","otomatis oleh sistem","0000-00-00 00:00:00","0000-00-00 00:00:00",""),
("33","14","146","446000","otomatis oleh sistem","0000-00-00 00:00:00","0000-00-00 00:00:00",""),
("34","14","147","162001","otomatis oleh sistem","0000-00-00 00:00:00","0000-00-00 00:00:00",""),
("35","15","147","446000","otomatis oleh sistem","0000-00-00 00:00:00","0000-00-00 00:00:00",""),
("36","16","66","445999","otomatis oleh sistem","0000-00-00 00:00:00","0000-00-00 00:00:00",""),
("37","16","67","446000","otomatis oleh sistem","0000-00-00 00:00:00","0000-00-00 00:00:00",""),
("38","16","68","108001","otomatis oleh sistem","0000-00-00 00:00:00","0000-00-00 00:00:00",""),
("39","17","79","445999","otomatis oleh sistem","0000-00-00 00:00:00","0000-00-00 00:00:00",""),
("40","17","80","20001","otomatis oleh sistem","0000-00-00 00:00:00","0000-00-00 00:00:00",""),
("41","18","222","445999","otomatis oleh sistem","0000-00-00 00:00:00","0000-00-00 00:00:00",""),
("42","18","223","446000","otomatis oleh sistem","0000-00-00 00:00:00","0000-00-00 00:00:00",""),
("43","18","224","108001","otomatis oleh sistem","0000-00-00 00:00:00","0000-00-00 00:00:00",""),
("44","19","92","445999","otomatis oleh sistem","0000-00-00 00:00:00","0000-00-00 00:00:00",""),
("45","19","93","446000","otomatis oleh sistem","0000-00-00 00:00:00","0000-00-00 00:00:00",""),
("46","19","94","446000","otomatis oleh sistem","0000-00-00 00:00:00","0000-00-00 00:00:00",""),
("47","19","95","162001","otomatis oleh sistem","0000-00-00 00:00:00","0000-00-00 00:00:00",""),
("48","20","183","445999","otomatis oleh sistem","0000-00-00 00:00:00","0000-00-00 00:00:00",""),
("49","20","184","446000","otomatis oleh sistem","0000-00-00 00:00:00","0000-00-00 00:00:00",""),
("50","20","185","446000","otomatis oleh sistem","0000-00-00 00:00:00","0000-00-00 00:00:00",""),
("51","20","186","162001","otomatis oleh sistem","0000-00-00 00:00:00","0000-00-00 00:00:00","");

CREATE TABLE `bayar_metode` (
  `id_bayar_metode` int(10) NOT NULL AUTO_INCREMENT,
  `metode` varchar(100) NOT NULL,
  `nomer_rekening` varchar(100) NOT NULL,
  `dibuat_pada` datetime NOT NULL DEFAULT CURRENT_TIMESTAMP,
  `diubah_pada` datetime NOT NULL DEFAULT CURRENT_TIMESTAMP,
  `dihapus_pada` datetime DEFAULT NULL,
  PRIMARY KEY (`id_bayar_metode`)
) ENGINE=InnoDB AUTO_INCREMENT=3 DEFAULT CHARSET=latin1;

INSERT INTO bayar_metode VALUES
("1","Transfer  Ke Bank BTN Rekening SMK Triatma Jaya Badung","000555 0130-0000028","2023-09-19 08:50:42","2023-09-19 08:50:42",""),
("2","Transfer  Ke Bank BTN Rekening osis SMK Triatma Jaya Badung","00555-0188-0000085","2023-09-19 08:50:42","2023-09-19 08:50:42","");

CREATE TABLE `biaya` (
  `id_biaya` int(10) NOT NULL AUTO_INCREMENT,
  `id_periode` int(10) NOT NULL,
  `deskripsi_biaya` varchar(200) NOT NULL,
  `jumlah_biaya` int(17) NOT NULL,
  `tanggal_jatuh_tempo` date NOT NULL,
  `tingkat` int(11) DEFAULT NULL,
  `id_jurusan` int(10) DEFAULT NULL,
  `dibuat_pada` datetime NOT NULL DEFAULT CURRENT_TIMESTAMP,
  `diubah_pada` datetime NOT NULL DEFAULT CURRENT_TIMESTAMP,
  `dihapus_pada` datetime DEFAULT NULL,
  PRIMARY KEY (`id_biaya`)
) ENGINE=InnoDB AUTO_INCREMENT=16 DEFAULT CHARSET=latin1;

INSERT INTO biaya VALUES
("1","2","SPP Juli 2023","445999","2023-07-20","12","1","2023-08-29 11:56:00","2023-08-29 11:56:00",""),
("2","2","SPP Agustus 2023","446000","2023-08-20","12","1","2023-08-29 11:58:34","2023-08-29 11:58:34",""),
("3","2","SPP September 2023","446000","2023-09-20","12","1","2023-08-29 12:01:13","2023-08-29 12:01:13",""),
("5","2","Uang Studi Tour","2500000","2023-09-22","12","1","2023-08-30 08:22:44","2023-08-30 08:22:44",""),
("7","2","SPP Oktober 2023","446000","2023-10-20","12","1","2023-08-30 11:46:00","2023-08-30 11:46:00",""),
("8","2","SPP November 2023","446000","2023-11-20","12","1","2023-08-30 11:47:32","2023-08-30 11:47:32",""),
("9","2","SPP Desember 2023","446000","2023-12-20","12","1","2023-08-30 11:48:05","2023-08-30 11:48:05",""),
("10","2","SPP Januari 2024","446000","2024-01-20","12","1","2023-08-30 11:49:04","2023-08-30 11:49:04",""),
("11","2","SPP Februari 2024","446000","2024-02-20","12","1","2023-08-30 11:50:15","2023-08-30 11:50:15",""),
("12","2","SPP Maret 2024","446000","2024-03-20","12","1","2023-08-30 11:51:01","2023-08-30 11:51:01",""),
("13","2","SPP April 2024","446000","2024-04-20","12","1","2023-08-30 11:51:57","2023-08-30 11:51:57",""),
("14","2","SPP Mei 2024","446000","2024-05-20","12","1","2023-08-30 11:53:28","2023-08-30 11:53:28",""),
("15","2","SPP Juni 2024","446000","2024-06-20","12","1","2023-08-30 11:54:51","2023-08-30 11:54:51","");

CREATE TABLE `jurusan` (
  `id_jurusan` int(10) NOT NULL AUTO_INCREMENT,
  `jurusan` varchar(200) NOT NULL,
  `dibuat_pada` datetime NOT NULL,
  `diubah_pada` datetime NOT NULL,
  `dihapus_pada` datetime DEFAULT NULL,
  PRIMARY KEY (`id_jurusan`)
) ENGINE=InnoDB AUTO_INCREMENT=5 DEFAULT CHARSET=latin1;

INSERT INTO jurusan VALUES
("1","Pengembangan Perangkat Lunak dan Gim(PPLG)","2023-09-05 00:00:00","2023-09-05 00:00:00",""),
("2","Kuliner","2023-09-05 00:00:00","2023-09-05 00:00:00",""),
("3","Tata Kecantikan","2023-09-05 00:00:00","2023-09-05 00:00:00",""),
("4"," Perhotelan","2023-09-05 00:00:00","2023-09-05 00:00:00","");

CREATE TABLE `periode` (
  `id_periode` int(10) NOT NULL AUTO_INCREMENT,
  `periode` varchar(100) NOT NULL,
  `tanggal_awal` date NOT NULL,
  `tanggal_akhir` date NOT NULL,
  `dibuat_pada` datetime NOT NULL DEFAULT CURRENT_TIMESTAMP,
  `diubah_pada` datetime NOT NULL DEFAULT CURRENT_TIMESTAMP,
  `dihapus_pada` datetime DEFAULT NULL,
  PRIMARY KEY (`id_periode`)
) ENGINE=InnoDB AUTO_INCREMENT=15 DEFAULT CHARSET=latin1;

INSERT INTO periode VALUES
("1","Tahun Ajar 2022/2023","2022-07-01","2023-06-30","2023-07-26 11:25:45","2023-07-26 11:25:45",""),
("2","Tahun Ajar 2023/2024","2023-07-01","2024-06-30","2023-07-26 12:39:26","2023-07-26 12:39:26",""),
("3","Tahun Ajar 2024/2025","2024-07-01","2025-06-30","2023-08-22 11:09:57","2023-08-22 11:09:57",""),
("6","Tahun Ajar 2021/2022","2021-07-01","2022-06-30","2023-08-23 09:15:35","2023-08-23 09:15:35",""),
("14","tahun ajaran 1","2023-08-05","2023-08-19","2023-08-30 08:25:05","2023-08-30 08:25:05","");

CREATE TABLE `siswa` (
  `id_siswa` int(10) NOT NULL AUTO_INCREMENT,
  `nis` varchar(20) NOT NULL,
  `nama` varchar(200) NOT NULL,
  `kelas` varchar(50) NOT NULL,
  `tingkat` int(2) NOT NULL,
  `id_jurusan` varchar(50) NOT NULL,
  `alamat` text NOT NULL,
  `no_hp` varchar(20) NOT NULL,
  `email` varchar(50) NOT NULL,
  `dibuat_pada` datetime NOT NULL DEFAULT CURRENT_TIMESTAMP,
  `diubah_pada` datetime NOT NULL DEFAULT CURRENT_TIMESTAMP,
  `dihapus_pada` datetime DEFAULT NULL,
  PRIMARY KEY (`id_siswa`)
) ENGINE=InnoDB AUTO_INCREMENT=45 DEFAULT CHARSET=latin1;

INSERT INTO siswa VALUES
("12","4950","Aline Syahfitri","XII RPL","12","1","Jl.Mersada,No 1 Kuta Utara , Badung","081805594344","aline123@gmail.com","2023-09-05 11:18:21","2023-09-05 11:18:21",""),
("13","4951","Bezaliel Cahya Yehuda","XII RPL","12","1","Jl Gunung Andakasa Matahari No1 ","085738055323","sam123@gmail.com","2023-09-05 11:20:44","2023-09-05 11:20:44",""),
("14","4952","Fibri Wiliana Putri","XII RPL","12","1","Jl. kuwum , marga , Tabanan","08133968031","fibri123@gmail.com","2023-09-05 11:29:58","2023-09-05 11:29:58",""),
("15","4953","Gede Andi Perayoga","XII RPL","12","1","Jl.  Raya Anyar Kaja No 16","087860635630","gedeandip@gmail.com","2023-09-05 11:30:56","2023-09-05 11:30:56",""),
("16","4954","I Gede Erick Fujianto Lila","XII RPL","12","1","Jl. kubu gunung Dalung","085973912032","eri121@gmail.com","2023-09-05 11:33:21","2023-09-05 11:33:21",""),
("17","4955","I Putu Adi Arya Susena","XII RPL","12","1","Jl Padma Utara No 524","089661718111","sena123@gmail.com","2023-09-05 11:39:17","2023-09-05 11:39:17",""),
("18","4956","Komang Risma Tri Pradnyandari","XII RPL","12","1","Jl Dalung Permai ,Br. Tegah Sari","085792958529","risma@gmail.com","2023-09-05 11:41:37","2023-09-05 11:41:37",""),
("19","4957","Magdalena Febiayu Kantur","XII RPL","12","1","Jl. Abianbase ","081246401384","entine12@gmail.com","2023-09-05 11:46:30","2023-09-05 11:46:30",""),
("20","4959","Ni Kadek Dwi Swandewi","XII RPL","12","1","Jl. Tibubeneng badung","087860052445","dwi123@gmail.com","2023-09-05 11:49:10","2023-09-05 11:49:10",""),
("21","4959","Ni Kadek Nina Antari","XII RPL","12","1","Jl kapal","08985337373","nina@gmail.com","2023-09-05 11:51:26","2023-09-05 11:51:26",""),
("22","4960","Ni luh Chealsea Widiadari","XII RPL","12","1","Jl. padonan canggu","087734632004","chealsea@gmail.com","2023-09-05 11:53:41","2023-09-05 11:53:41",""),
("23","4961","Ni luh Putu Diah Martiani","XII RPL","12","1","Jl. dalung Permai","0895394536866","diah123@gmail.com","2023-09-05 11:55:59","2023-09-05 11:55:59",""),
("24","4962","Ni luh Nia pradnya Oktaviani","XII RPL","12","1","Jl Tanah Lot","089508466041","nia@gmail.com","2023-09-05 11:58:40","2023-09-05 11:58:40",""),
("25","4963","William Jacobos Felanuel","XII RPL","12","1","jl dalung permai","081917913625","wili@gmail.com","2023-09-05 12:14:50","2023-09-05 12:14:50",""),
("26","4963","Zaid Asyya Yudah","XII RPL","12","1","jalan andakasa","081805594344","zet@gmail.com","2023-09-05 12:52:13","2023-09-05 12:52:13",""),
("27","4964","Dewa Made Martha Abimayu","XII RPL","12","1","Jl. Arjuna dalung","085738014582","demam@gmail.com","2023-09-05 12:58:15","2023-09-05 12:58:15",""),
("28","4965","Ferrel Feivel Waworuntu","XII RPL","12","1","jalan mahendradata","085738055323","ferrel123@gmail.com","2023-09-05 12:59:31","2023-09-05 12:59:31",""),
("29","4958","Nasywa Ramadhi","XII RPL","12","1","gunung agung","081805594344","nsiwa@gmail.com","2023-09-07 11:32:16","2023-09-07 11:32:16",""),
("30","4910","Susendi Aryamahendra putra","XII KULINER","12","2","Jl mana grobok buleleng","087890876546","susendibgus12@gmail.com","2023-09-12 09:14:02","2023-09-12 09:14:02",""),
("31","4911","Susendo Aryamahendra Putra","XII KULINER","12","2","Jl mana grobok buleleng","08976543538735","susendobgus@gmail.com","2023-09-12 09:15:27","2023-09-12 09:15:27",""),
("32","4912","alpon shiroigami","XII KULINER","12","2","Jl. munggu kauh ","08123465894","shiroi@gmail.com","2023-09-12 09:17:25","2023-09-12 09:17:25",""),
("33","4914","Dwipa gustana arya argantara","XII KULINER","12","2","Jl. batukaru No 17 Denpasar barat","087869654783","dwipa@gmail.com","2023-09-12 09:19:53","2023-09-12 09:19:53",""),
("34","4913","Gobeer alviano jaleus","XII KULINER","12","2","Jl. Beringin bawah pohon No 77 Dalung badung","086756473736","goober123@gmail.com","2023-09-12 09:21:32","2023-09-12 09:21:32",""),
("35","4915 "," Kadek angrita manaputri ","XII PERHOTELAN","12","4","Jl. manalagi selain di mcd Denpasar","08675463855574","putri123@gmail.com","2023-09-12 09:23:54","2023-09-12 09:23:54",""),
("36","4916","vavendra argantara putra mahabisma","XII PERHOTELAN","12","4","Jl kubuu Denpasar","086435678901","bisma@gmail.com","2023-09-12 09:25:44","2023-09-12 09:25:44",""),
("37","4917","tirta pritaloka ","XII PERHOTELAN","12","4","Jl POLO","0854957475459","TIRTA@gmail.com","2023-09-12 09:27:31","2023-09-12 09:27:31",""),
("38","4918","Yepuk Agusmana Bagusantara","XII PERHOTELAN","12","4","Jl. bunub denpasar","089576757","yepukbanget@gmail.com","2023-09-12 09:28:58","2023-09-12 09:28:58",""),
("39","4919","Zeet Freyabuana argantara maharaja","XII PERHOTELAN","12","4","Jl. maharaja barat Denpasar","08786789303","zettlopefreya@gmail.com","2023-09-12 09:30:27","2023-09-12 09:30:27",""),
("40","4920","putri elsa mahaputri ","XII TATA KECANTIKAN","12","3","jL.BUGUH Denpasar","94859753475","elsa33@gmail.com","2023-09-12 09:32:32","2023-09-12 09:32:32",""),
("41","4921","Sayuputri briliana","XII TATA KECANTIKAN","12","3","Jl.gunug Dalung","07647348738473","sayu@gmail.com","2023-09-12 09:33:45","2023-09-12 09:33:45",""),
("42","4922","Lespi batahari syuko","XII TATA KECANTIKAN","12","3","Jl. popor lantai","087657353735","syuko@gmail.com","2023-09-12 09:35:02","2023-09-12 09:35:02",""),
("43","4924","Dwina Pradnya selis","XII TATA KECANTIKAN","12","3","Jl. bulop123@gmail.com","086474647464","dwina@gmail.com","2023-09-12 09:36:24","2023-09-12 09:36:24",""),
("44","4923","Angelina chintya cokusy","XII TATA KECANTIKAN","12","3","Jl. bubud Denpasar","98548709475094","angel@gmail.com","2023-09-12 09:37:55","2023-09-12 09:37:55","");

CREATE TABLE `tagihan` (
  `id_tagihan` int(10) NOT NULL AUTO_INCREMENT,
  `id_biaya` int(10) NOT NULL,
  `id_siswa` int(10) NOT NULL,
  `kelas` varchar(50) NOT NULL,
  `keterangan` varchar(200) NOT NULL,
  `potongan` int(20) NOT NULL DEFAULT '0',
  `total_terbayar` int(20) NOT NULL DEFAULT '0',
  `dibuat_pada` datetime NOT NULL DEFAULT CURRENT_TIMESTAMP,
  `diubah_pada` datetime NOT NULL DEFAULT CURRENT_TIMESTAMP,
  `dihapus_pada` datetime DEFAULT NULL,
  PRIMARY KEY (`id_tagihan`)
) ENGINE=InnoDB AUTO_INCREMENT=235 DEFAULT CHARSET=latin1;

INSERT INTO tagihan VALUES
("1","1","12","XII RPL","","0","445999","2023-10-12 11:25:44","2023-10-12 11:25:44",""),
("2","2","12","XII RPL","","0","446000","2023-10-12 11:25:44","2023-10-12 11:25:44",""),
("3","3","12","XII RPL","","0","446000","2023-10-12 11:25:44","2023-10-12 11:25:44",""),
("4","5","12","XII RPL","","0","662001","2023-10-12 11:25:44","2023-10-12 11:25:44",""),
("5","7","12","XII RPL","","0","0","2023-10-12 11:25:44","2023-10-12 11:25:44",""),
("6","8","12","XII RPL","","0","0","2023-10-12 11:25:44","2023-10-12 11:25:44",""),
("7","9","12","XII RPL","","0","0","2023-10-12 11:25:44","2023-10-12 11:25:44",""),
("8","10","12","XII RPL","","0","0","2023-10-12 11:25:44","2023-10-12 11:25:44",""),
("9","11","12","XII RPL","","0","0","2023-10-12 11:25:44","2023-10-12 11:25:44",""),
("10","12","12","XII RPL","","0","0","2023-10-12 11:25:44","2023-10-12 11:25:44",""),
("11","13","12","XII RPL","","0","0","2023-10-12 11:25:44","2023-10-12 11:25:44",""),
("12","14","12","XII RPL","","0","0","2023-10-12 11:25:44","2023-10-12 11:25:44",""),
("13","15","12","XII RPL","","0","0","2023-10-12 11:25:44","2023-10-12 11:25:44",""),
("14","1","13","XII RPL","","0","445999","2023-10-12 11:25:44","2023-10-12 11:25:44",""),
("15","2","13","XII RPL","","0","446000","2023-10-12 11:25:44","2023-10-12 11:25:44",""),
("16","3","13","XII RPL","","0","446000","2023-10-12 11:25:45","2023-10-12 11:25:45",""),
("17","5","13","XII RPL","","0","108001","2023-10-12 11:25:45","2023-10-12 11:25:45",""),
("18","7","13","XII RPL","","0","0","2023-10-12 11:25:45","2023-10-12 11:25:45",""),
("19","8","13","XII RPL","","0","0","2023-10-12 11:25:45","2023-10-12 11:25:45",""),
("20","9","13","XII RPL","","0","0","2023-10-12 11:25:45","2023-10-12 11:25:45",""),
("21","10","13","XII RPL","","0","0","2023-10-12 11:25:45","2023-10-12 11:25:45",""),
("22","11","13","XII RPL","","0","0","2023-10-12 11:25:45","2023-10-12 11:25:45",""),
("23","12","13","XII RPL","","0","0","2023-10-12 11:25:45","2023-10-12 11:25:45",""),
("24","13","13","XII RPL","","0","0","2023-10-12 11:25:45","2023-10-12 11:25:45",""),
("25","14","13","XII RPL","","0","0","2023-10-12 11:25:45","2023-10-12 11:25:45",""),
("26","15","13","XII RPL","","0","0","2023-10-12 11:25:45","2023-10-12 11:25:45",""),
("27","1","14","XII RPL","","0","445999","2023-10-12 11:25:45","2023-10-12 11:25:45",""),
("28","2","14","XII RPL","","0","446000","2023-10-12 11:25:45","2023-10-12 11:25:45",""),
("29","3","14","XII RPL","","0","446000","2023-10-12 11:25:45","2023-10-12 11:25:45",""),
("30","5","14","XII RPL","","0","608001","2023-10-12 11:25:45","2023-10-12 11:25:45",""),
("31","7","14","XII RPL","","0","0","2023-10-12 11:25:45","2023-10-12 11:25:45",""),
("32","8","14","XII RPL","","0","0","2023-10-12 11:25:45","2023-10-12 11:25:45",""),
("33","9","14","XII RPL","","0","0","2023-10-12 11:25:45","2023-10-12 11:25:45",""),
("34","10","14","XII RPL","","0","0","2023-10-12 11:25:45","2023-10-12 11:25:45",""),
("35","11","14","XII RPL","","0","0","2023-10-12 11:25:45","2023-10-12 11:25:45",""),
("36","12","14","XII RPL","","0","0","2023-10-12 11:25:45","2023-10-12 11:25:45",""),
("37","13","14","XII RPL","","0","0","2023-10-12 11:25:45","2023-10-12 11:25:45",""),
("38","14","14","XII RPL","","0","0","2023-10-12 11:25:45","2023-10-12 11:25:45",""),
("39","15","14","XII RPL","","0","0","2023-10-12 11:25:45","2023-10-12 11:25:45",""),
("40","1","15","XII RPL","","0","446000","2023-10-12 11:25:45","2023-10-12 11:25:45",""),
("41","2","15","XII RPL","","0","446000","2023-10-12 11:25:45","2023-10-12 11:25:45",""),
("42","3","15","XII RPL","","0","446000","2023-10-12 11:25:45","2023-10-12 11:25:45",""),
("43","5","15","XII RPL","","0","1608000","2023-10-12 11:25:45","2023-10-12 11:25:45",""),
("44","7","15","XII RPL","","0","0","2023-10-12 11:25:45","2023-10-12 11:25:45",""),
("45","8","15","XII RPL","","0","0","2023-10-12 11:25:46","2023-10-12 11:25:46",""),
("46","9","15","XII RPL","","0","0","2023-10-12 11:25:46","2023-10-12 11:25:46",""),
("47","10","15","XII RPL","","0","0","2023-10-12 11:25:46","2023-10-12 11:25:46",""),
("48","11","15","XII RPL","","0","0","2023-10-12 11:25:46","2023-10-12 11:25:46",""),
("49","12","15","XII RPL","","0","0","2023-10-12 11:25:46","2023-10-12 11:25:46",""),
("50","13","15","XII RPL","","0","0","2023-10-12 11:25:46","2023-10-12 11:25:46",""),
("51","14","15","XII RPL","","0","0","2023-10-12 11:25:46","2023-10-12 11:25:46",""),
("52","15","15","XII RPL","","0","0","2023-10-12 11:25:46","2023-10-12 11:25:46",""),
("53","1","16","XII RPL","","0","445999","2023-10-12 11:25:46","2023-10-12 11:25:46",""),
("54","2","16","XII RPL","","0","446000","2023-10-12 11:25:46","2023-10-12 11:25:46",""),
("55","3","16","XII RPL","","0","446000","2023-10-12 11:25:46","2023-10-12 11:25:46",""),
("56","5","16","XII RPL","","0","862001","2023-10-12 11:25:46","2023-10-12 11:25:46",""),
("57","7","16","XII RPL","","0","0","2023-10-12 11:25:46","2023-10-12 11:25:46",""),
("58","8","16","XII RPL","","0","0","2023-10-12 11:25:46","2023-10-12 11:25:46",""),
("59","9","16","XII RPL","","0","0","2023-10-12 11:25:46","2023-10-12 11:25:46",""),
("60","10","16","XII RPL","","0","0","2023-10-12 11:25:46","2023-10-12 11:25:46",""),
("61","11","16","XII RPL","","0","0","2023-10-12 11:25:46","2023-10-12 11:25:46",""),
("62","12","16","XII RPL","","0","0","2023-10-12 11:25:46","2023-10-12 11:25:46",""),
("63","13","16","XII RPL","","0","0","2023-10-12 11:25:46","2023-10-12 11:25:46",""),
("64","14","16","XII RPL","","0","0","2023-10-12 11:25:46","2023-10-12 11:25:46",""),
("65","15","16","XII RPL","","0","0","2023-10-12 11:25:46","2023-10-12 11:25:46",""),
("66","1","17","XII RPL","","0","445999","2023-10-12 11:25:46","2023-10-12 11:25:46",""),
("67","2","17","XII RPL","","0","446000","2023-10-12 11:25:46","2023-10-12 11:25:46",""),
("68","3","17","XII RPL","","0","108001","2023-10-12 11:25:46","2023-10-12 11:25:46",""),
("69","5","17","XII RPL","","0","0","2023-10-12 11:25:46","2023-10-12 11:25:46",""),
("70","7","17","XII RPL","","0","0","2023-10-12 11:25:46","2023-10-12 11:25:46",""),
("71","8","17","XII RPL","","0","0","2023-10-12 11:25:46","2023-10-12 11:25:46",""),
("72","9","17","XII RPL","","0","0","2023-10-12 11:25:46","2023-10-12 11:25:46",""),
("73","10","17","XII RPL","","0","0","2023-10-12 11:25:46","2023-10-12 11:25:46",""),
("74","11","17","XII RPL","","0","0","2023-10-12 11:25:46","2023-10-12 11:25:46",""),
("75","12","17","XII RPL","","0","0","2023-10-12 11:25:46","2023-10-12 11:25:46",""),
("76","13","17","XII RPL","","0","0","2023-10-12 11:25:47","2023-10-12 11:25:47",""),
("77","14","17","XII RPL","","0","0","2023-10-12 11:25:47","2023-10-12 11:25:47",""),
("78","15","17","XII RPL","","0","0","2023-10-12 11:25:47","2023-10-12 11:25:47",""),
("79","1","18","XII RPL","","0","445999","2023-10-12 11:25:47","2023-10-12 11:25:47",""),
("80","2","18","XII RPL","","0","20001","2023-10-12 11:25:47","2023-10-12 11:25:47",""),
("81","3","18","XII RPL","","0","0","2023-10-12 11:25:47","2023-10-12 11:25:47",""),
("82","5","18","XII RPL","","0","0","2023-10-12 11:25:47","2023-10-12 11:25:47",""),
("83","7","18","XII RPL","","0","0","2023-10-12 11:25:47","2023-10-12 11:25:47",""),
("84","8","18","XII RPL","","0","0","2023-10-12 11:25:47","2023-10-12 11:25:47",""),
("85","9","18","XII RPL","","0","0","2023-10-12 11:25:47","2023-10-12 11:25:47",""),
("86","10","18","XII RPL","","0","0","2023-10-12 11:25:47","2023-10-12 11:25:47",""),
("87","11","18","XII RPL","","0","0","2023-10-12 11:25:47","2023-10-12 11:25:47",""),
("88","12","18","XII RPL","","0","0","2023-10-12 11:25:47","2023-10-12 11:25:47",""),
("89","13","18","XII RPL","","0","0","2023-10-12 11:25:47","2023-10-12 11:25:47",""),
("90","14","18","XII RPL","","0","0","2023-10-12 11:25:47","2023-10-12 11:25:47",""),
("91","15","18","XII RPL","","0","0","2023-10-12 11:25:47","2023-10-12 11:25:47",""),
("92","1","19","XII RPL","","0","445999","2023-10-12 11:25:47","2023-10-12 11:25:47",""),
("93","2","19","XII RPL","","0","446000","2023-10-12 11:25:47","2023-10-12 11:25:47",""),
("94","3","19","XII RPL","","0","446000","2023-10-12 11:25:47","2023-10-12 11:25:47",""),
("95","5","19","XII RPL","","0","162001","2023-10-12 11:25:47","2023-10-12 11:25:47",""),
("96","7","19","XII RPL","","0","0","2023-10-12 11:25:47","2023-10-12 11:25:47",""),
("97","8","19","XII RPL","","0","0","2023-10-12 11:25:47","2023-10-12 11:25:47",""),
("98","9","19","XII RPL","","0","0","2023-10-12 11:25:47","2023-10-12 11:25:47",""),
("99","10","19","XII RPL","","0","0","2023-10-12 11:25:47","2023-10-12 11:25:47",""),
("100","11","19","XII RPL","","0","0","2023-10-12 11:25:47","2023-10-12 11:25:47","");
INSERT INTO tagihan VALUES
("101","12","19","XII RPL","","0","0","2023-10-12 11:25:47","2023-10-12 11:25:47",""),
("102","13","19","XII RPL","","0","0","2023-10-12 11:25:47","2023-10-12 11:25:47",""),
("103","14","19","XII RPL","","0","0","2023-10-12 11:25:47","2023-10-12 11:25:47",""),
("104","15","19","XII RPL","","0","0","2023-10-12 11:25:47","2023-10-12 11:25:47",""),
("105","1","20","XII RPL","","0","0","2023-10-12 11:25:47","2023-10-12 11:25:47",""),
("106","2","20","XII RPL","","0","0","2023-10-12 11:25:48","2023-10-12 11:25:48",""),
("107","3","20","XII RPL","","0","0","2023-10-12 11:25:48","2023-10-12 11:25:48",""),
("108","5","20","XII RPL","","0","0","2023-10-12 11:25:48","2023-10-12 11:25:48",""),
("109","7","20","XII RPL","","0","0","2023-10-12 11:25:48","2023-10-12 11:25:48",""),
("110","8","20","XII RPL","","0","0","2023-10-12 11:25:48","2023-10-12 11:25:48",""),
("111","9","20","XII RPL","","0","0","2023-10-12 11:25:48","2023-10-12 11:25:48",""),
("112","10","20","XII RPL","","0","0","2023-10-12 11:25:48","2023-10-12 11:25:48",""),
("113","11","20","XII RPL","","0","0","2023-10-12 11:25:48","2023-10-12 11:25:48",""),
("114","12","20","XII RPL","","0","0","2023-10-12 11:25:48","2023-10-12 11:25:48",""),
("115","13","20","XII RPL","","0","0","2023-10-12 11:25:48","2023-10-12 11:25:48",""),
("116","14","20","XII RPL","","0","0","2023-10-12 11:25:48","2023-10-12 11:25:48",""),
("117","15","20","XII RPL","","0","0","2023-10-12 11:25:48","2023-10-12 11:25:48",""),
("118","1","21","XII RPL","","0","0","2023-10-12 11:25:48","2023-10-12 11:25:48",""),
("119","2","21","XII RPL","","0","0","2023-10-12 11:25:48","2023-10-12 11:25:48",""),
("120","3","21","XII RPL","","0","0","2023-10-12 11:25:48","2023-10-12 11:25:48",""),
("121","5","21","XII RPL","","0","0","2023-10-12 11:25:48","2023-10-12 11:25:48",""),
("122","7","21","XII RPL","","0","0","2023-10-12 11:25:48","2023-10-12 11:25:48",""),
("123","8","21","XII RPL","","0","0","2023-10-12 11:25:48","2023-10-12 11:25:48",""),
("124","9","21","XII RPL","","0","0","2023-10-12 11:25:48","2023-10-12 11:25:48",""),
("125","10","21","XII RPL","","0","0","2023-10-12 11:25:48","2023-10-12 11:25:48",""),
("126","11","21","XII RPL","","0","0","2023-10-12 11:25:48","2023-10-12 11:25:48",""),
("127","12","21","XII RPL","","0","0","2023-10-12 11:25:48","2023-10-12 11:25:48",""),
("128","13","21","XII RPL","","0","0","2023-10-12 11:25:48","2023-10-12 11:25:48",""),
("129","14","21","XII RPL","","0","0","2023-10-12 11:25:48","2023-10-12 11:25:48",""),
("130","15","21","XII RPL","","0","0","2023-10-12 11:25:48","2023-10-12 11:25:48",""),
("131","1","22","XII RPL","","0","0","2023-10-12 11:25:48","2023-10-12 11:25:48",""),
("132","2","22","XII RPL","","0","0","2023-10-12 11:25:48","2023-10-12 11:25:48",""),
("133","3","22","XII RPL","","0","0","2023-10-12 11:25:48","2023-10-12 11:25:48",""),
("134","5","22","XII RPL","","0","0","2023-10-12 11:25:48","2023-10-12 11:25:48",""),
("135","7","22","XII RPL","","0","0","2023-10-12 11:25:48","2023-10-12 11:25:48",""),
("136","8","22","XII RPL","","0","0","2023-10-12 11:25:49","2023-10-12 11:25:49",""),
("137","9","22","XII RPL","","0","0","2023-10-12 11:25:49","2023-10-12 11:25:49",""),
("138","10","22","XII RPL","","0","0","2023-10-12 11:25:49","2023-10-12 11:25:49",""),
("139","11","22","XII RPL","","0","0","2023-10-12 11:25:49","2023-10-12 11:25:49",""),
("140","12","22","XII RPL","","0","0","2023-10-12 11:25:49","2023-10-12 11:25:49",""),
("141","13","22","XII RPL","","0","0","2023-10-12 11:25:49","2023-10-12 11:25:49",""),
("142","14","22","XII RPL","","0","0","2023-10-12 11:25:49","2023-10-12 11:25:49",""),
("143","15","22","XII RPL","","0","0","2023-10-12 11:25:49","2023-10-12 11:25:49",""),
("144","1","23","XII RPL","","0","445999","2023-10-12 11:25:49","2023-10-12 11:25:49",""),
("145","2","23","XII RPL","","0","446000","2023-10-12 11:25:49","2023-10-12 11:25:49",""),
("146","3","23","XII RPL","","0","446000","2023-10-12 11:25:49","2023-10-12 11:25:49",""),
("147","5","23","XII RPL","","0","608001","2023-10-12 11:25:49","2023-10-12 11:25:49",""),
("148","7","23","XII RPL","","0","0","2023-10-12 11:25:49","2023-10-12 11:25:49",""),
("149","8","23","XII RPL","","0","0","2023-10-12 11:25:49","2023-10-12 11:25:49",""),
("150","9","23","XII RPL","","0","0","2023-10-12 11:25:49","2023-10-12 11:25:49",""),
("151","10","23","XII RPL","","0","0","2023-10-12 11:25:49","2023-10-12 11:25:49",""),
("152","11","23","XII RPL","","0","0","2023-10-12 11:25:49","2023-10-12 11:25:49",""),
("153","12","23","XII RPL","","0","0","2023-10-12 11:25:49","2023-10-12 11:25:49",""),
("154","13","23","XII RPL","","0","0","2023-10-12 11:25:49","2023-10-12 11:25:49",""),
("155","14","23","XII RPL","","0","0","2023-10-12 11:25:49","2023-10-12 11:25:49",""),
("156","15","23","XII RPL","","0","0","2023-10-12 11:25:49","2023-10-12 11:25:49",""),
("157","1","24","XII RPL","","0","0","2023-10-12 11:25:49","2023-10-12 11:25:49",""),
("158","2","24","XII RPL","","0","0","2023-10-12 11:25:49","2023-10-12 11:25:49",""),
("159","3","24","XII RPL","","0","0","2023-10-12 11:25:49","2023-10-12 11:25:49",""),
("160","5","24","XII RPL","","0","0","2023-10-12 11:25:49","2023-10-12 11:25:49",""),
("161","7","24","XII RPL","","0","0","2023-10-12 11:25:49","2023-10-12 11:25:49",""),
("162","8","24","XII RPL","","0","0","2023-10-12 11:25:49","2023-10-12 11:25:49",""),
("163","9","24","XII RPL","","0","0","2023-10-12 11:25:49","2023-10-12 11:25:49",""),
("164","10","24","XII RPL","","0","0","2023-10-12 11:25:50","2023-10-12 11:25:50",""),
("165","11","24","XII RPL","","0","0","2023-10-12 11:25:50","2023-10-12 11:25:50",""),
("166","12","24","XII RPL","","0","0","2023-10-12 11:25:50","2023-10-12 11:25:50",""),
("167","13","24","XII RPL","","0","0","2023-10-12 11:25:50","2023-10-12 11:25:50",""),
("168","14","24","XII RPL","","0","0","2023-10-12 11:25:50","2023-10-12 11:25:50",""),
("169","15","24","XII RPL","","0","0","2023-10-12 11:25:50","2023-10-12 11:25:50",""),
("170","1","25","XII RPL","","0","0","2023-10-12 11:25:50","2023-10-12 11:25:50",""),
("171","2","25","XII RPL","","0","0","2023-10-12 11:25:50","2023-10-12 11:25:50",""),
("172","3","25","XII RPL","","0","0","2023-10-12 11:25:50","2023-10-12 11:25:50",""),
("173","5","25","XII RPL","","0","0","2023-10-12 11:25:50","2023-10-12 11:25:50",""),
("174","7","25","XII RPL","","0","0","2023-10-12 11:25:50","2023-10-12 11:25:50",""),
("175","8","25","XII RPL","","0","0","2023-10-12 11:25:50","2023-10-12 11:25:50",""),
("176","9","25","XII RPL","","0","0","2023-10-12 11:25:50","2023-10-12 11:25:50",""),
("177","10","25","XII RPL","","0","0","2023-10-12 11:25:50","2023-10-12 11:25:50",""),
("178","11","25","XII RPL","","0","0","2023-10-12 11:25:50","2023-10-12 11:25:50",""),
("179","12","25","XII RPL","","0","0","2023-10-12 11:25:50","2023-10-12 11:25:50",""),
("180","13","25","XII RPL","","0","0","2023-10-12 11:25:50","2023-10-12 11:25:50",""),
("181","14","25","XII RPL","","0","0","2023-10-12 11:25:50","2023-10-12 11:25:50",""),
("182","15","25","XII RPL","","0","0","2023-10-12 11:25:50","2023-10-12 11:25:50",""),
("183","1","26","XII RPL","","0","445999","2023-10-12 11:25:50","2023-10-12 11:25:50",""),
("184","2","26","XII RPL","","0","446000","2023-10-12 11:25:50","2023-10-12 11:25:50",""),
("185","3","26","XII RPL","","0","446000","2023-10-12 11:25:50","2023-10-12 11:25:50",""),
("186","5","26","XII RPL","","0","162001","2023-10-12 11:25:50","2023-10-12 11:25:50",""),
("187","7","26","XII RPL","","0","0","2023-10-12 11:25:50","2023-10-12 11:25:50",""),
("188","8","26","XII RPL","","0","0","2023-10-12 11:25:50","2023-10-12 11:25:50",""),
("189","9","26","XII RPL","","0","0","2023-10-12 11:25:50","2023-10-12 11:25:50",""),
("190","10","26","XII RPL","","0","0","2023-10-12 11:25:50","2023-10-12 11:25:50",""),
("191","11","26","XII RPL","","0","0","2023-10-12 11:25:51","2023-10-12 11:25:51",""),
("192","12","26","XII RPL","","0","0","2023-10-12 11:25:51","2023-10-12 11:25:51",""),
("193","13","26","XII RPL","","0","0","2023-10-12 11:25:51","2023-10-12 11:25:51",""),
("194","14","26","XII RPL","","0","0","2023-10-12 11:25:51","2023-10-12 11:25:51",""),
("195","15","26","XII RPL","","0","0","2023-10-12 11:25:51","2023-10-12 11:25:51",""),
("196","1","27","XII RPL","","0","445999","2023-10-12 11:25:51","2023-10-12 11:25:51",""),
("197","2","27","XII RPL","","0","446000","2023-10-12 11:25:51","2023-10-12 11:25:51",""),
("198","3","27","XII RPL","","0","446000","2023-10-12 11:25:51","2023-10-12 11:25:51",""),
("199","5","27","XII RPL","","0","1162001","2023-10-12 11:25:51","2023-10-12 11:25:51",""),
("200","7","27","XII RPL","","0","0","2023-10-12 11:25:51","2023-10-12 11:25:51","");
INSERT INTO tagihan VALUES
("201","8","27","XII RPL","","0","0","2023-10-12 11:25:51","2023-10-12 11:25:51",""),
("202","9","27","XII RPL","","0","0","2023-10-12 11:25:51","2023-10-12 11:25:51",""),
("203","10","27","XII RPL","","0","0","2023-10-12 11:25:51","2023-10-12 11:25:51",""),
("204","11","27","XII RPL","","0","0","2023-10-12 11:25:51","2023-10-12 11:25:51",""),
("205","12","27","XII RPL","","0","0","2023-10-12 11:25:51","2023-10-12 11:25:51",""),
("206","13","27","XII RPL","","0","0","2023-10-12 11:25:51","2023-10-12 11:25:51",""),
("207","14","27","XII RPL","","0","0","2023-10-12 11:25:51","2023-10-12 11:25:51",""),
("208","15","27","XII RPL","","0","0","2023-10-12 11:25:51","2023-10-12 11:25:51",""),
("209","1","28","XII RPL","","0","0","2023-10-12 11:25:51","2023-10-12 11:25:51",""),
("210","2","28","XII RPL","","0","0","2023-10-12 11:25:51","2023-10-12 11:25:51",""),
("211","3","28","XII RPL","","0","0","2023-10-12 11:25:51","2023-10-12 11:25:51",""),
("212","5","28","XII RPL","","0","0","2023-10-12 11:25:51","2023-10-12 11:25:51",""),
("213","7","28","XII RPL","","0","0","2023-10-12 11:25:51","2023-10-12 11:25:51",""),
("214","8","28","XII RPL","","0","0","2023-10-12 11:25:51","2023-10-12 11:25:51",""),
("215","9","28","XII RPL","","0","0","2023-10-12 11:25:51","2023-10-12 11:25:51",""),
("216","10","28","XII RPL","","0","0","2023-10-12 11:25:51","2023-10-12 11:25:51",""),
("217","11","28","XII RPL","","0","0","2023-10-12 11:25:51","2023-10-12 11:25:51",""),
("218","12","28","XII RPL","","0","0","2023-10-12 11:25:52","2023-10-12 11:25:52",""),
("219","13","28","XII RPL","","0","0","2023-10-12 11:25:52","2023-10-12 11:25:52",""),
("220","14","28","XII RPL","","0","0","2023-10-12 11:25:52","2023-10-12 11:25:52",""),
("221","15","28","XII RPL","","0","0","2023-10-12 11:25:52","2023-10-12 11:25:52",""),
("222","1","29","XII RPL","","0","445999","2023-10-12 11:25:52","2023-10-12 11:25:52",""),
("223","2","29","XII RPL","","0","446000","2023-10-12 11:25:52","2023-10-12 11:25:52",""),
("224","3","29","XII RPL","","0","108001","2023-10-12 11:25:52","2023-10-12 11:25:52",""),
("225","5","29","XII RPL","","0","0","2023-10-12 11:25:52","2023-10-12 11:25:52",""),
("226","7","29","XII RPL","","0","0","2023-10-12 11:25:52","2023-10-12 11:25:52",""),
("227","8","29","XII RPL","","0","0","2023-10-12 11:25:52","2023-10-12 11:25:52",""),
("228","9","29","XII RPL","","0","0","2023-10-12 11:25:52","2023-10-12 11:25:52",""),
("229","10","29","XII RPL","","0","0","2023-10-12 11:25:52","2023-10-12 11:25:52",""),
("230","11","29","XII RPL","","0","0","2023-10-12 11:25:52","2023-10-12 11:25:52",""),
("231","12","29","XII RPL","","0","0","2023-10-12 11:25:52","2023-10-12 11:25:52",""),
("232","13","29","XII RPL","","0","0","2023-10-12 11:25:52","2023-10-12 11:25:52",""),
("233","14","29","XII RPL","","0","0","2023-10-12 11:25:52","2023-10-12 11:25:52",""),
("234","15","29","XII RPL","","0","0","2023-10-12 11:25:52","2023-10-12 11:25:52","");

CREATE TABLE `user` (
  `id_user` int(10) NOT NULL AUTO_INCREMENT,
  `nama` varchar(200) NOT NULL,
  `username` varchar(200) NOT NULL,
  `password` varchar(200) NOT NULL,
  `hak_akses` int(1) NOT NULL,
  `dibuat_pada` datetime NOT NULL DEFAULT CURRENT_TIMESTAMP,
  `diubah_pada` datetime NOT NULL DEFAULT CURRENT_TIMESTAMP,
  `dihapus_pada` datetime DEFAULT NULL,
  PRIMARY KEY (`id_user`)
) ENGINE=InnoDB AUTO_INCREMENT=3 DEFAULT CHARSET=latin1;

INSERT INTO user VALUES
("2","andiperayoga","kuga","kugajago","1","2023-09-05 13:02:31","2023-09-05 13:02:31","");